{
  "HTTP Request-1" : {
    "transaction" : "HTTP Request-1",
    "sampleCount" : 20,
    "errorCount" : 0,
    "errorPct" : 0.0,
    "meanResTime" : 17661.55,
    "medianResTime" : 17066.0,
    "minResTime" : 12948.0,
    "maxResTime" : 25745.0,
    "pct1ResTime" : 24545.00000000001,
    "pct2ResTime" : 25707.2,
    "pct3ResTime" : 25745.0,
    "throughput" : 0.6272148524477059,
    "receivedKBytesPerSec" : 33.035204148634236,
    "sentKBytesPerSec" : 0.0790143710603067
  },
  "Total" : {
    "transaction" : "Total",
    "sampleCount" : 60,
    "errorCount" : 0,
    "errorPct" : 0.0,
    "meanResTime" : 17352.466666666664,
    "medianResTime" : 17066.0,
    "minResTime" : 5505.0,
    "maxResTime" : 37495.0,
    "pct1ResTime" : 27558.1,
    "pct2ResTime" : 32280.199999999997,
    "pct3ResTime" : 37495.0,
    "throughput" : 1.5930331350892097,
    "receivedKBytesPerSec" : 56.48292923945943,
    "sentKBytesPerSec" : 0.266542653462192
  },
  "HTTP Request-0" : {
    "transaction" : "HTTP Request-0",
    "sampleCount" : 20,
    "errorCount" : 0,
    "errorPct" : 0.0,
    "meanResTime" : 8366.75,
    "medianResTime" : 8230.5,
    "minResTime" : 5505.0,
    "maxResTime" : 12506.0,
    "pct1ResTime" : 11739.300000000001,
    "pct2ResTime" : 12469.949999999999,
    "pct3ResTime" : 12506.0,
    "throughput" : 1.5779092702169624,
    "receivedKBytesPerSec" : 0.812068540433925,
    "sentKBytesPerSec" : 0.1972386587771203
  },
  "HTTP Request" : {
    "transaction" : "HTTP Request",
    "sampleCount" : 20,
    "errorCount" : 0,
    "errorPct" : 0.0,
    "meanResTime" : 26029.1,
    "medianResTime" : 25035.0,
    "minResTime" : 18952.0,
    "maxResTime" : 37495.0,
    "pct1ResTime" : 33898.200000000004,
    "pct2ResTime" : 37323.85,
    "pct3ResTime" : 37495.0,
    "throughput" : 0.5310110450297366,
    "receivedKBytesPerSec" : 28.241464619729715,
    "sentKBytesPerSec" : 0.133271326731096
  }
}